ID,Edad,Total_Compras,Monto_Total
1.0,27.0,15.0,2880.3106002264904
2.0,54.0,11.0,4285.238783022086
3.0,33.0,11.0,7096.211823632746
4.0,18.0,1.0,508.73095595757314
5.0,67.0,8.0,1822.7360432912837
6.0,46.0,4.0,2713.030293697411
7.0,43.0,14.0,2432.9379681804503
8.0,47.0,17.0,5074.562475132532
9.0,66.0,19.0,2771.991442518551
10.0,47.0,13.0,1813.6421059776428
