ID,Edad,Ciudad,Ingresos,Ciudad_Label,Edad_MinMax,Ingresos_MinMax,Edad_Std,Ingresos_Std
1,25,Madrid,30000.0,1,0.0,0.0,-1.2649110640673518,-1.4142135623730951
2,45,Sevilla,50000.0,2,1.0,1.0,1.2649110640673518,1.4142135623730951
3,30,Madrid,40000.0,1,0.25,0.5,-0.6324555320336759,0.0
4,40,Barcelona,40000.0,0,0.75,0.5,0.6324555320336759,0.0
